{
  "test": {
    "question": "test",
    "outcomes": [
      "YES",
      "NO"
    ],
    "subject": "270009321939664897",
    "creator": 270009321939664897,
    "b": 100.0,
    "shares": {
      "YES": 11090.314717311412,
      "NO": 875.8433698415756
    },
    "resolved": false,
    "resolution": null,
    "resolution_date": "2025-12-31",
    "implied_odds": 1.0
  },
  "testtest": {
    "question": "Will this test work?",
    "outcomes": [
      "YES",
      "NO"
    ],
    "subject": null,
    "creator": 270009321939664897,
    "b": 25.0,
    "shares": {
      "YES": 1843.1580831855536,
      "NO": 1863.0029724538326
    },
    "resolved": false,
    "resolution": null,
    "resolution_date": null,
    "implied_odds": 0.3113542683666046
  },
  "test2": {
    "question": "test",
    "outcomes": [
      "YES",
      "NO"
    ],
    "subject": null,
    "creator": 270009321939664897,
    "b": 25.0,
    "shares": {
      "YES": 10099.587855935097,
      "NO": 10117.32868035324
    },
    "resolved": false,
    "resolution": null,
    "resolution_date": null,
    "implied_odds": 0.32967994398953976
  },
  "test3": {
    "question": "test",
    "outcomes": [
      "YES",
      "NO"
    ],
    "subject": null,
    "creator": 270009321939664897,
    "b": 25.0,
    "shares": {
      "YES": 117.09868013858795,
      "NO": 0
    },
    "resolved": false,
    "resolution": null,
    "resolution_date": null,
    "implied_odds": 0.9908421808735536
  }
}